{
	"partitions" : [
		{
			"name" : "Top",
			"pins" : [
				{
					"name" : "LFSR[0]",
					"strict" : false
				},
				{
					"name" : "LFSR[1]",
					"strict" : false
				},
				{
					"name" : "LFSR[2]",
					"strict" : false
				},
				{
					"name" : "LFSR[3]",
					"strict" : false
				},
				{
					"name" : "LFSR[4]",
					"strict" : false
				},
				{
					"name" : "LFSR[5]",
					"strict" : false
				},
				{
					"name" : "LFSR[6]",
					"strict" : false
				},
				{
					"name" : "LFSR[7]",
					"strict" : false
				},
				{
					"name" : "clk",
					"strict" : false
				}
			]
		}
	]
}