{
	"partitions" : [
		{
			"name" : "Top",
			"pins" : [
				{
					"name" : "out_0",
					"strict" : false
				},
				{
					"name" : "out_1",
					"strict" : false
				},
				{
					"name" : "out_2",
					"strict" : false
				},
				{
					"name" : "out_3",
					"strict" : false
				},
				{
					"name" : "out_4",
					"strict" : false
				},
				{
					"name" : "out_5",
					"strict" : false
				},
				{
					"name" : "out_6",
					"strict" : false
				},
				{
					"name" : "out_7",
					"strict" : false
				},
				{
					"name" : "Data_in",
					"strict" : false
				},
				{
					"name" : "sel[0]",
					"strict" : false
				},
				{
					"name" : "sel[1]",
					"strict" : false
				},
				{
					"name" : "sel[2]",
					"strict" : false
				}
			]
		}
	]
}