{
	"partitions" : [
		{
			"name" : "Top",
			"pins" : [
				{
					"name" : "A[0]",
					"strict" : false
				},
				{
					"name" : "A[1]",
					"strict" : false
				},
				{
					"name" : "A[2]",
					"strict" : false
				},
				{
					"name" : "GS",
					"strict" : false
				},
				{
					"name" : "EO",
					"strict" : false
				},
				{
					"name" : "sel[7]",
					"strict" : false
				},
				{
					"name" : "sel[5]",
					"strict" : false
				},
				{
					"name" : "sel[4]",
					"strict" : false
				},
				{
					"name" : "sel[6]",
					"strict" : false
				},
				{
					"name" : "sel[3]",
					"strict" : false
				},
				{
					"name" : "sel[1]",
					"strict" : false
				},
				{
					"name" : "sel[2]",
					"strict" : false
				},
				{
					"name" : "en",
					"strict" : false
				},
				{
					"name" : "sel[0]",
					"strict" : false
				}
			]
		}
	]
}