{
	"partitions" : [
		{
			"name" : "Top",
			"pins" : [
				{
					"name" : "C[0]",
					"strict" : false
				},
				{
					"name" : "C[1]",
					"strict" : false
				},
				{
					"name" : "C[2]",
					"strict" : false
				},
				{
					"name" : "C[3]",
					"strict" : false
				},
				{
					"name" : "A[0]",
					"strict" : false
				},
				{
					"name" : "A[1]",
					"strict" : false
				},
				{
					"name" : "A[2]",
					"strict" : false
				},
				{
					"name" : "A[3]",
					"strict" : false
				},
				{
					"name" : "Ctrl[3]",
					"strict" : false
				},
				{
					"name" : "B[2]",
					"strict" : false
				},
				{
					"name" : "B[3]",
					"strict" : false
				},
				{
					"name" : "B[0]",
					"strict" : false
				},
				{
					"name" : "B[1]",
					"strict" : false
				},
				{
					"name" : "Ctrl[2]",
					"strict" : false
				},
				{
					"name" : "Ctrl[0]",
					"strict" : false
				},
				{
					"name" : "shifter",
					"strict" : false
				},
				{
					"name" : "Ctrl[1]",
					"strict" : false
				}
			]
		}
	]
}