{
	"partitions" : [
		{
			"name" : "Top",
			"pins" : [
				{
					"name" : "s[0]",
					"strict" : false
				},
				{
					"name" : "s[1]",
					"strict" : false
				},
				{
					"name" : "s[2]",
					"strict" : false
				},
				{
					"name" : "s[3]",
					"strict" : false
				},
				{
					"name" : "s[4]",
					"strict" : false
				},
				{
					"name" : "s[5]",
					"strict" : false
				},
				{
					"name" : "s[6]",
					"strict" : false
				},
				{
					"name" : "s[7]",
					"strict" : false
				},
				{
					"name" : "x[0]",
					"strict" : false
				},
				{
					"name" : "y[0]",
					"strict" : false
				},
				{
					"name" : "x[1]",
					"strict" : false
				},
				{
					"name" : "y[1]",
					"strict" : false
				},
				{
					"name" : "y[2]",
					"strict" : false
				},
				{
					"name" : "x[2]",
					"strict" : false
				},
				{
					"name" : "y[3]",
					"strict" : false
				},
				{
					"name" : "x[3]",
					"strict" : false
				}
			]
		}
	]
}